receipt_no;store_code;cashier_id;sale_datetime;sku;qty;unit_price;discount_pct;payment_type
R-0039757;ST-007;E-0135;30.01.2026 17:53;SKU-00114;1;74300,00;0;CARD
R-0039702;ST-005;E-0124;30.01.2026 16:01;SKU-00496;1;97800,00;15;CARD
R-0039828;ST-010;E-0150;30.01.2026 10:27;SKU-00449;2;138100,00;;CASH
R-0039840;ST-010;E-0149;2026-01-30 14:36:11;SKU-00268;4;79800,00;0;CARD
R-0039750;ST-007;E-0135;30.01.2026 12:20;SKU-00088;1;130200,00;;CASH
R-0039892;ST-012;E-0158;30.01.2026 19:26;SKU-00209;3;15900,00;;CARD
R-0039773;ST-008;E-0140;2026-01-30 09:47:39;SKU-00170;3;19900,00;5;CARD
R-0039890;ST-012;E-0158;30.01.2026 14:34;SKU-00425;3;88600,00;;CARD
R-0039746;ST-006;E-0128;2026-01-30 18:58:46;SKU-00191;4;38600,00;;CASH
R-0039654;ST-003;E-0113;30.01.2026 16:37;SKU-00244;2;99700,00;;CASH
R-0039811;ST-009;E-0145;30.01.2026 16:07;SKU-00453;2;146200,00;5;CARD
R-0039699;ST-005;E-0124;2026-01-30 18:27:31;SKU-00415;3;87600,00;20;CASH
R-0039626;ST-001;E-0104;30.01.2026 12:15;SKU-00011;1;24500,00;20;CARD
R-0039606;ST-001;E-0104;30.01.2026 11:06;SKU-00168;1;91300,00;;CARD
R-0039662;ST-003;E-0114;2026-01-30 20:32:33;SKU-00305;2;32000,00;20;CASH
R-0039796;ST-008;E-0140;30.01.2026 16:39;SKU-00269;2;47200,00;5;TRANSFER
R-0039667;ST-003;E-0113;2026-01-30 09:46:30;SKU-00128;2;111700,00;5;CASH
R-0039783;ST-008;E-0139;30.01.2026 11:17;SKU-00098;3;68300,00;;CARD
R-0039663;ST-003;E-0114;30.01.2026 19:30;SKU-00315;3;169600,00;20;CARD
R-0039771;ST-008;E-0140;30.01.2026 10:47;SKU-00407;1;87300,00;10;CASH
R-0039652;ST-003;E-0114;30.01.2026 10:56;SKU-00103;3;144500,00;0;CASH
R-0039671;ST-003;E-0113;2026-01-30 20:20:58;SKU-00199;1;23300,00;5;TRANSFER
R-0039646;ST-002;E-0108;30.01.2026 09:12;SKU-00045;1;44100,00;;CASH
R-0039724;ST-006;E-0130;30.01.2026 15:14;SKU-00362;1;35200,00;10;CARD
R-0039813;ST-009;E-0144;30.01.2026 14:52;SKU-00326;1;29200,00;0;CARD
R-0039825;ST-009;E-0145;30.01.2026 18:47;SKU-00447;8;9800,00;;CARD
R-0039631;ST-002;E-0109;30.01.2026 09:52;SKU-00456;2;110300,00;;CASH
R-0039841;ST-010;E-0150;30.01.2026 11:42;SKU-00060;2;33200,00;0;CARD
R-0039678;ST-004;E-0120;30.01.2026 15:31;SKU-00219;2;40500,00;;CARD
R-0039806;ST-009;E-0144;30.01.2026 20:52;SKU-00483;4;11200,00;0;CASH
R-0039869;ST-011;E-0154;30.01.2026 14:05;SKU-00149;3;87300,00;;CASH
R-0039681;ST-004;E-0118;30.01.2026 12:21;SKU-00110;2;22700,00;0;CARD
R-0039699;ST-005;E-0124;2026-01-30 18:27:31;SKU-00094;2;68300,00;0;CASH
R-0039855;ST-011;E-0154;30.01.2026 19:55;SKU-00093;2;103800,00;;CASH
R-0039648;ST-002;E-0108;30.01.2026 11:10;SKU-00338;2;90600,00;10;CASH
R-0039663;ST-003;E-0114;30.01.2026 19:30;SKU-00016;2;263360,00;20;CARD
R-0039684;ST-004;E-0118;30.01.2026 12:25;SKU-00278;2;7500,00;;CASH
R-0039784;ST-008;E-0139;2026-01-30 11:41:24;SKU-00215;2;34800,00;10;CASH
R-0039876;ST-011;E-0153;30.01.2026 19:57;SKU-00289;1;16500,00;10;CASH
R-0039603;ST-001;E-0104;30.01.2026 09:53;SKU-00070;1;20600,00;0;CARD
R-0039671;ST-003;E-0113;2026-01-30 20:20:58;SKU-00468;1;79400,00;0;TRANSFER
R-0039639;ST-002;E-0110;30.01.2026 14:58;SKU-00392;2;53300,00;;CARD
R-0039882;ST-012;E-0159;2026-01-30 16:24:34;SKU-00107;2;43000,00;0;CARD
R-0039633;ST-002;E-0109;30.01.2026 16:18;SKU-00271;1;82800,00;0;CARD
R-0039842;ST-010;E-0148;30.01.2026 14:45;SKU-00345;1;68600,00;;CASH
R-0039731;ST-006;E-0128;30.01.2026 19:35;SKU-00254;5;189280,00;10;CASH
R-0039735;ST-006;E-0128;2026-01-30 20:08:15;SKU-00330;4;55100,00;0;CASH
R-0039772;ST-008;E-0138;30.01.2026 19:53;SKU-00274;5;88000,00;;CARD
R-0039870;ST-011;E-0154;30.01.2026 19:54;SKU-00006;1;47800,00;;CARD
R-0039627;ST-001;E-0105;2026-01-30 15:56:21;SKU-00082;2;115800,00;10;CARD
R-0039733;ST-006;E-0130;30.01.2026 12:34;SKU-00425;2;88600,00;;CASH
R-0039811;ST-009;E-0145;30.01.2026 16:07;SKU-00016;1;164600,00;;CARD
R-0039629;ST-002;E-0108;2026-01-30 13:49:38;SKU-00035;5;85600,00;15;CASH
R-0039635;ST-002;E-0110;2026-01-30 14:54:43;SKU-00319;8;102500,00;;CASH
R-0039611;ST-001;E-0105;30.01.2026 17:43;SKU-00056;1;39700,00;5;CARD
R-0039845;ST-011;E-0153;2026-01-30 19:52:20;SKU-00125;4;83200,00;;CARD
R-0039620;ST-001;E-0105;30.01.2026 16:05;SKU-00053;1;38200,00;0;CARD
R-0039614;ST-001;E-0104;30.01.2026 20:53;SKU-00457;2;159900,00;5;CASH
R-0039812;ST-009;E-0145;30.01.2026 10:00;SKU-00226;1;167200.00;;CARD
R-0039871;ST-011;E-0153;30.01.2026 14:44;SKU-00055;3;25200,00;;CASH
R-0039718;ST-005;E-0125;30.01.2026 10:24;SKU-00261;1;26800.00;;CARD
R-0039825;ST-009;E-0145;30.01.2026 18:47;SKU-00214;2;35400,00;;CARD
R-0039787;ST-008;E-0139;30.01.2026 10:04;SKU-00058;1;;15;TRANSFER
R-0039818;ST-009;E-0144;2026-01-30 15:03:52;SKU-00274;1;88000,00;0;TRANSFER
R-0039817;ST-009;E-0144;2026-01-30 12:19:25;SKU-00270;3;20600,00;15;CASH
R-0039608;ST-001;E-0103;30.01.2026 15:06;SKU-00144;1;47800.00;;CASH
R-0039708;ST-005;E-0124;30.01.2026 13:26;SKU-00222;3;29700,00;0;CARD
R-0039693;ST-004;E-0120;30.01.2026 10:41;SKU-00287;5;51100,00;0;CARD
R-0039834;ST-010;E-0148;30.01.2026 19:34;SKU-00215;3;34800,00;5;CARD
R-0039624;ST-001;E-0104;30.01.2026 11:29;SKU-00284;2;18000.00;5;CASH
R-0039600;ST-001;E-0104;30.01.2026 18:45;SKU-00262;1;32800,00;0;CASH
R-0039707;ST-005;E-0125;30.01.2026 11:16;SKU-00145;1;93100,00;5;CASH
R-0039699;ST-005;E-0124;30.01.2026 18:27;SKU-00121;2;15000,00;;CASH
R-0039844;ST-011;E-0154;30.01.2026 20:04;SKU-00132;8;67900,00;10;CASH
R-0039874;ST-011;E-0155;30.01.2026 20:40;SKU-00074;1;20000,00;0;CARD
R-0039835;ST-010;E-0148;30.01.2026 15:28;SKU-00138;1;61200.00;5;CASH
R-0039607;ST-001;E-0105;30.01.2026 14:00;SKU-00423;2;118800,00;5;CASH
R-0039821;ST-009;E-0145;30.01.2026 14:21;SKU-00003;1;5400,00;10;CASH
R-0039780;ST-008;E-0138;30.01.2026 17:16;SKU-00356;1;76500,00;;CARD
R-0039843;ST-010;E-0149;30.01.2026 16:24;SKU-00273;1;58600,00;0;CARD
R-0039824;ST-009;E-0144;30.01.2026 11:05;SKU-00051;1;6500,00;;TRANSFER
R-0039758;ST-007;E-0134;30.01.2026 10:18;SKU-00408;5;40000,00;10;CARD
R-0039885;ST-012;E-0159;30.01.2026 16:02;SKU-00155;2;59400,00;;CASH
R-0039861;ST-011;E-0155;2026-01-30 18:45:03;SKU-00206;3;16700,00;;CARD
R-0039691;ST-004;E-0119;30.01.2026 12:37;SKU-00297;2;46100,00;5;CARD
R-0039654;ST-003;E-0113;30.01.2026 16:37;SKU-00028;1;60100,00;;CASH
R-0039630;ST-002;E-0109;30.01.2026 12:03;SKU-00096;1;;;CASH
R-0039663;ST-003;E-0114;30.01.2026 19:30;SKU-00445;2;37300,00;10;CARD
R-0039805;ST-009;E-0145;2026-01-30 20:09:35;SKU-00277;1;63300,00;;CASH
R-0039802;ST-008;E-0139;30.01.2026 12:41;SKU-00022;2;;;CASH
R-0039651;ST-003;E-0113;30.01.2026 13:32;SKU-00161;1;125600,00;15;CARD
R-0039631;ST-002;E-0109;30.01.2026 09:52;SKU-00235;3;16800,00;20;CASH
R-0039785;ST-008;E-0138;30.01.2026 11:00;SKU-00395;3;57400,00;;CASH
R-0039667;ST-003;E-0113;30.01.2026 09:46;SKU-00388;1;14300,00;0;CASH
R-0039756;ST-007;E-0135;2026-01-30 13:41:39;SKU-00077;0;123800,00;;CASH
R-0039685;ST-004;E-0120;30.01.2026 14:30;SKU-00090;4;112400,00;0;CARD
R-0039712;ST-005;E-0123;2026-01-30 09:08:33;SKU-00242;5;277280,00;;CARD
R-0039669;ST-003;E-0114;30.01.2026 12:45;SKU-00129;1;76300,00;0;CARD
R-0039894;ST-012;E-0160;30.01.2026 11:02;SKU-00451;1;134200,00;;CARD
R-0039860;ST-011;E-0154;30.01.2026 15:41;SKU-00309;1;25700,00;;CASH
R-0039824;ST-009;E-0144;30.01.2026 11:05;SKU-00041;1;35700,00;5;TRANSFER
R-0039666;ST-003;E-0114;30.01.2026 13:52;SKU-00498;2;157900,00;;CARD
R-0039873;ST-011;E-0155;30.01.2026 13:43;SKU-00458;3;124900,00;5;CASH
R-0039697;ST-005;E-0123;30.01.2026 09:03;SKU-00118;1;21300,00;0;TRANSFER
R-0039824;ST-009;E-0144;30.01.2026 11:05;SKU-00131;1;;0;TRANSFER
R-0039627;ST-001;E-0105;30.01.2026 15:56;SKU-00160;2;142800,00;0;CARD
R-0039652;ST-003;E-0114;2026-01-30 10:56:17;SKU-00141;1;60300,00;;CASH
R-0039658;ST-003;E-0114;2026-01-30 15:32:53;SKU-00243;1;176700,00;;CASH
R-0039680;ST-004;E-0119;2026-01-30 13:45:59;SKU-00358;2;8500,00;10;CARD
R-0039625;ST-001;E-0104;2026-01-30 12:30:31;SKU-00057;1;6100,00;5;CARD
R-0039683;ST-004;E-0119;30.01.2026 11:17;SKU-00325;2;179600,00;0;CASH
R-0039790;ST-008;E-0138;2026-01-30 18:54:57;SKU-00366;1;14500,00;;CASH
R-0039846;ST-011;E-0154;30.01.2026 16:06;SKU-00463;2;160100,00;20;CARD
R-0039735;ST-006;E-0128;30.01.2026 20:08;SKU-00449;4;138100,00;5;CASH
R-0039885;ST-012;E-0159;2026-01-30 16:02:21;SKU-00086;2;144200,00;5;CASH
R-0039865;ST-011;E-0153;30.01.2026 17:59;SKU-00123;1;87500,00;10;TRANSFER
R-0039643;ST-002;E-0109;30.01.2026 13:55;SKU-00216;1;19000,00;;CASH
R-0039617;ST-001;E-0105;30.01.2026 11:17;SKU-00192;4;32500,00;0;CASH
R-0039631;ST-002;E-0109;2026-01-30 09:52:30;SKU-00158;1;138500,00;;CASH
R-0039659;ST-003;E-0114;2026-01-30 12:57:32;SKU-00460;4;130880,00;;CARD
R-0039681;ST-004;E-0118;2026-01-30 12:21:28;SKU-00382;1;75300,00;;CARD
R-0039783;ST-008;E-0139;2026-01-30 11:17:38;SKU-00087;1;;0;CARD
R-0039773;ST-008;E-0140;2026-01-30 09:47:39;SKU-00437;1;48300,00;0;CARD
R-0039641;ST-002;E-0110;30.01.2026 17:46;SKU-00160;1;228480,00;0;CASH
R-0039774;ST-008;E-0138;2026-01-30 19:36:24;SKU-00469;1;51100,00;20;CASH
R-0039777;ST-008;E-0140;30.01.2026 09:17;SKU-00432;2;78300,00;5;CARD
R-0039888;ST-012;E-0159;30.01.2026 15:19;SKU-00327;1;21400,00;0;CARD
R-0039723;ST-005;E-0123;30.01.2026 14:28;SKU-00422;1;45200,00;;CARD
R-0039647;ST-002;E-0109;30.01.2026 11:02;SKU-00044;1;57400,00;0;CARD
R-0039798;ST-008;E-0139;30.01.2026 10:37;SKU-00432;1;78300,00;0;CARD
R-0039784;ST-008;E-0139;30.01.2026 11:41;SKU-00021;2;81900,00;0;CASH
R-0039687;ST-004;E-0119;2026-01-30 14:17:02;SKU-00102;1;71000,00;;CARD
R-0039612;ST-001;E-0105;2026-01-30 11:17:19;SKU-00337;1;28600,00;0;CASH
R-0039851;ST-011;E-0155;30.01.2026 20:14;SKU-00348;1;5000,00;;CARD
R-0039858;ST-011;E-0155;2026-01-30 09:10:04; sku-00257 ;1;108800,00;;CASH
R-0039762;ST-007;E-0133;30.01.2026 12:45;SKU-00307;1;98300,00;0;CARD
R-0039851;ST-011;E-0155;2026-01-30 20:14:36;SKU-00392;1;53300.00;0;CARD
R-0039835;ST-010;E-0148;30.01.2026 15:28;SKU-00034;1;141400,00;0;CASH
R-0039709;ST-005;E-0125;30.01.2026 20:03;SKU-00064;1;22200,00;;CARD
R-0039729;ST-006;E-0128;30.01.2026 19:34;SKU-00128;3;111700,00;;CARD
R-0039869;ST-011;E-0154;30.01.2026 14:05;SKU-00004;1;87400,00;0;CASH
R-0039647;ST-002;E-0109;30.01.2026 11:02;SKU-00450;4;105800,00;;CARD
R-0039735;ST-006;E-0128;30.01.2026 20:08;SKU-00108;1;58500,00;20;CASH
R-0039842;ST-010;E-0148;30.01.2026 14:45;SKU-00060;3;33200,00;;CASH
R-0039720;ST-005;E-0123;30.01.2026 11:00;SKU-00400;2;88700,00;;CARD
R-0039713;ST-005;E-0124;2026-01-30 14:37:32;SKU-00330;2;55100,00;;CARD
R-0039719;ST-005;E-0125;30.01.2026 14:25;SKU-00054;2;33700,00;;CASH
R-0039655;ST-003;E-0114;2026-01-30 09:17:42;SKU-00184;2;21800,00;10;CARD
R-0039828;ST-010;E-0150;2026-01-30 10:27:31;SKU-00074;2;20000,00;0;CASH
R-0039858;ST-011;E-0155;30.01.2026 09:10;SKU-00357;1;84800,00;5;CASH
R-0039724;ST-006;E-0130;30.01.2026 15:14;SKU-00203;2;39500.00;0;CARD
R-0039643;ST-002;E-0109;30.01.2026 13:55; sku-00375 ;2;61300,00;0;CASH
R-0039719;ST-005;E-0125;2026-01-30 14:25:48;SKU-00098;1;68300,00;;CASH
R-0039631;ST-002;E-0109;30.01.2026 09:52;SKU-00100;1;126800,00;;CASH
R-0039668;ST-003;E-0113;30.01.2026 18:14;SKU-00442;2;131000,00;20;CASH
R-0039875;ST-011;E-0154;30.01.2026 12:22;SKU-00336;4;69900,00;;TRANSFER
R-0039848;ST-011;E-0155;30.01.2026 17:16;SKU-00158;1;138500,00;;TRANSFER
R-0039786;ST-008;E-0138;30.01.2026 12:17;SKU-00014;4;15100,00;;CARD
R-0039743;ST-006;E-0130;30.01.2026 17:39;SKU-00435;1;;10;CASH
R-0039791;ST-008;E-0139;2026-01-30 16:39:00; sku-00009 ;1;55300,00;;CARD
R-0039680;ST-004;E-0119;30.01.2026 13:45;SKU-00093;1;103800,00;0;CARD
R-0039634;ST-002;E-0108;30.01.2026 14:00;SKU-00315;1;169600,00;;CASH
R-0039644;ST-002;E-0110;30.01.2026 15:30;SKU-00402;1;79600,00;0;CASH
R-0039714;ST-005;E-0123;2026-01-30 11:37:36;SKU-00427;1;102600,00;0;CASH
R-0039793;ST-008;E-0138;30.01.2026 11:14;SKU-00335;1;51400,00;;CARD
R-0039675;ST-004;E-0119;30.01.2026 17:15;SKU-00111;2;57700,00;0;CASH
R-0039829;ST-010;E-0149;30.01.2026 17:38;SKU-00308;5;77000,00;0;CARD
R-0039637;ST-002;E-0110;30.01.2027 13:01;SKU-00400;2;88700,00;;CARD
R-0039812;ST-009;E-0145;2026-01-30 10:00:44;SKU-00163;2;176100,00;15;CARD
R-0039678;ST-004;E-0120;2026-01-30 15:31:47;SKU-00107;2;;;CARD
R-0039746;ST-094;E-0128;2026-01-30 18:58:46;SKU-00107;1;43000,00;0;CASH
R-0039784;ST-008;E-0150;30.01.2026 11:41;SKU-00449;2;138100,00;0;CASH
R-0039858;ST-011;E-0155;2026-01-30 09:10:04;SKU-00131;1;142400,00;10;CASH
R-0039871;ST-011;E-0153;30.01.2026 14:44;SKU-00183;1;11300,00;15;CASH
R-0039625;ST-001;E-0104;30.01.2026 12:30;SKU-00355;1;78200,00;20;CARD
R-0039651;ST-003;E-0113;30.01.2026 13:32;SKU-00182;2;39100,00;0;CARD
R-0039629;ST-002;E-0108;30.01.2026 13:49;SKU-00069;4;79600.00;5;CASH
R-0039885;ST-012;E-0159;30.01.2026 16:02;SKU-00341;4;63200.00;0;CASH
R-0039883;ST-012;E-0159;30.01.2026 15:33;SKU-00248;1;123000,00;5;CASH
R-0039628;ST-001;E-0105;2026-01-30 16:47:05;SKU-00137;1;61400,00;0;CASH
R-0039882;ST-012;E-0159;30.01.2026 16:24;SKU-00228;1;118500,00;;CARD
R-0039658;ST-003;E-0114;30.01.2026 15:32;SKU-00437;1;48300,00;;CASH
R-0039835;ST-010;E-0148;2026-01-30 15:28:29;SKU-00351;1;82000,00;;CASH
R-0039842;ST-010;E-0148;2026-01-30 14:45:24;SKU-00322;4;95700,00;5;CASH
R-0039890;ST-012;E-0158;2026-01-30 14:34:01;SKU-00359;2;17800,00;;CARD
R-0039803;ST-009;E-0144;30.01.2026 15:08;SKU-00081;1;86300,00;0;CASH
R-0039860;ST-011;E-0135;30.01.2026 15:41;SKU-00466;4;17120,00;0;CASH
R-0039862;ST-011;E-0155;30.01.2026 11:53;SKU-00489;2;94500,00;;CASH
R-0039710;ST-005;E-0123;30.01.2026 19:54;SKU-00420;1;58300,00;;CARD
R-0039863;ST-011;E-0155;30.01.2026 19:09;SKU-00289;1;16500,00;15;CASH
R-0039893;ST-012;E-0160;30.01.2026 10:06;SKU-00076;1;55600,00;0;CARD
R-0039739;ST-006;E-0129;30.01.2026 17:26;SKU-00226;8;167200,00;0;CASH
R-0039675;ST-004;E-0119;30.01.2026 17:15;SKU-00266;2;83800,00;;CASH
R-0039610;ST-001;E-0105;2026-01-30 19:00:54;SKU-00470;1;51200,00;5;CARD
R-0039643;ST-002;E-0109;2026-01-30 13:55:05;SKU-00278;1;7500,00;0;CASH
R-0039674;ST-003;E-0114;30.01.2026 13:20;SKU-00496;1;97800,00;;CASH
R-0039863;ST-011;E-0155;2026-01-30 19:09:51;SKU-00422;2;45200,00;15;CASH
R-0039663;ST-003;E-0114;30.01.2026 19:30;SKU-00128;2;111700,00;;CARD
R-0039720;ST-005;E-0123;30.01.2026 11:00;SKU-00429;4;45000,00;;CARD
R-0039840;ST-010;E-0149;2026-01-30 14:36:11;SKU-00389;3;83000,00;;CARD
R-0039860;ST-011;E-0154;30.01.2026 15:41;SKU-00211;2;22600.00;;CASH
R-0039736;ST-006;E-0130;30.01.2026 20:10;SKU-00303;1;151000,00;;TRANSFER
R-0039776;ST-008;E-0138;30.01.2026 11:28;SKU-00407;1;87300,00;;CARD
R-0039739;ST-006;E-0129;30.01.2026 17:26;SKU-00081;1;86300.00;15;CASH
R-0039659;ST-003;E-0114;30.01.2026 12:57;SKU-00933;1;176100,00;;CARD
R-0039784;ST-008;E-0139;2026-01-30 11:41:24;SKU-00046;2;14400.00;0;CASH
R-0039657;ST-003;E-0114;30.01.2026 14:16;SKU-00474;3;56200,00;10;CASH
R-0039635;ST-002;E-0110;2026-01-30 14:54:43;SKU-00433;3;84800,00;15;CASH
R-0039723;ST-005;E-0123;2026-01-30 14:28:49;SKU-00474;8;;;CARD
R-0039807;ST-009;E-0144;30.01.2026 10:24;SKU-00053;1;38200.00;0;CARD
R-0039760;ST-007;E-0133;2026-01-30 19:22:02;SKU-00211;1;22600.00;5;CASH
R-0039730;ST-006;E-0129;30.01.2026 09:15;SKU-00199;4;23300,00;0;CARD
R-0039702;ST-005;E-0124;2026-01-30 16:01:03;SKU-00224;1;;;CARD
R-0039857;ST-011;E-0155;30.01.2026 19:04;SKU-00204;3;7800,00;;CASH
R-0039842;ST-010;E-0148;30.01.2026 14:45;SKU-00307;1;98300,00;5;CASH
R-0039772;ST-008;E-0138;2026-01-30 19:53:58;SKU-00440;2;145000,00;5;CARD
R-0039745;ST-006;E-0128;30.01.2026 14:19;SKU-00143;1;;0;CASH
R-0039715;ST-005;E-0125;2026-01-30 13:26:52;SKU-00075;1;70900,00;;TRANSFER
R-0039852;ST-011;E-0153;30.01.2026 17:22;SKU-00374;1;28400,00;0;CARD
R-0039706;ST-005;E-0124;30.01.2026 16:23;SKU-00228;1;118500,00;15;TRANSFER
R-0039816;ST-009;E-0145;30.01.2026 18:07;SKU-00250;1;109000,00;10;TRANSFER
R-0039731;ST-006;E-0128;2026-01-30 19:35:52;SKU-00144;1;47800,00;0;CASH
R-0039729;ST-006;E-0128;30.01.2026 19:34;SKU-00070;1;yo'q;5;CARD
R-0039834;ST-010;E-0148;2026-01-30 19:34:31;SKU-00304;1;130300,00;145;CARD
R-0039603;ST-001;E-0104;2026-01-30 09:53:14;SKU-00063;1;24200,00;15;CARD
R-0039838;ST-010;E-0149;30.01.2026 09:20;SKU-00336;1;69900,00;;CASH
R-0039889;ST-012;E-0159;2026-01-30 09:50:30; sku-00416 ;1;35600,00;;CASH
R-0039884;ST-012;E-0158;30.01.2026 15:03;SKU-00272;1;34900,00;;CASH
R-0039750;ST-007;E-0135;30.01.2026 12:20;SKU-00243;1;176700,00;;CASH
R-0039881;ST-012;E-0159;30.01.2026 17:31;SKU-00051;2;;10;CARD
R-0039781;ST-008;E-0138;30.01.2026 12:36;SKU-00189;1;28300,00;10;CARD
R-0039760;ST-007;E-0133;30.01.2026 19:22;SKU-00216;1;19000,00;;CASH
R-0039725;ST-006;E-0128;30.01.2026 16:35;SKU-00236;2;10800,00;;CASH
R-0039854;ST-011;E-0153;2026-01-30 13:26:30;SKU-00146;1;38700,00;15;CASH
R-0039777;ST-008;E-0140;30.01.2026 09:17;SKU-00328;1;102800,00;;CARD
R-0039648;ST-002;E-0108;30.01.2026 11:10;SKU-00007;3;22000,00;0;CASH
R-0039645;ST-002;E-0148;2026-01-30 09:19:15;SKU-00315;3;169600,00;10;CASH
R-0039661;ST-003;E-0113;2026-01-30 19:11:17;SKU-00406;1;10200,00;;CARD
R-0039889;ST-012;E-0159;30.01.2026 09:50;SKU-00179;1;108100,00;;CASH
R-0039722;ST-005;E-0125;30.01.2026 17:29;SKU-00267;3;96600,00;0;CARD
R-0039822;ST-009;E-0144;30.01.2026 16:56;SKU-00471;1;85000,00;;CARD
R-0039861;ST-011;E-0155;2026-01-30 18:45:03;SKU-00086;1;144200.00;;CARD
R-0039821;ST-009;E-0145;2026-01-30 14:21:01;SKU-00212;1;36300,00;;CASH
R-0039773;ST-008;E-0140;2026-01-30 09:47:39;SKU-00008;4;41700,00;;CARD
R-0039774;ST-008;E-0138;30.01.2026 19:36;SKU-00056;2;39700,00;0;CASH
R-0039727;ST-006;E-0130;30.01.2026 15:32;SKU-00137;2;61400,00;10;CASH
R-0039889;ST-012;E-0159;30.01.2026 09:50;SKU-00313;2;151900,00;10;CASH
R-0039719;ST-005;E-0125;30.01.2026 14:25;SKU-00258;1;58200,00;0;CASH
R-0039887;ST-012;E-0159;2026-01-30 18:21:04;SKU-00201;1;40200,00;10;CARD
R-0039637;ST-002;E-0110;30.01.2026 13:01;SKU-00244;2;99700,00;0;CARD
R-0039615;ST-001;E-0104;30.01.2026 11:14;SKU-00381;1;6200,00;0;CASH
R-0039825;ST-009;E-0145;30.01.2026 18:47;SKU-00426;1;92100,00;;CARD
R-0039683;ST-004;E-0119;30.01.2026 11:17;SKU-00204;2;7800,00;15;CASH
R-0039670;ST-003;E-0113;2026-01-30 10:39:58;SKU-00386;4;10600,00;;TRANSFER
R-0039703;ST-005;E-0124;30.01.2026 13:15;SKU-00199;4;23300,00;;CARD
R-0039823;ST-009;E-0145;2026-01-30 11:08:04;SKU-00255;1;142500,00;;CARD
R-0039629;ST-002;E-0108;30.01.2026 13:49;SKU-00215;1;34800,00;;CASH
R-0039789;ST-008;E-0138;2026-01-30 10:33:19;SKU-00426;5;92100,00;5;CASH
R-0039788;ST-008;E-0139;30.01.2026 11:18;SKU-00194;1;33900,00;20;CASH
R-0039880;ST-012;E-0160;30.01.2026 18:16;SKU-00160;1;142800,00;0;TRANSFER
R-0039771;ST-008;E-0140;2026-01-30 10:47:30;SKU-00201;1;40200,00;5;CASH
R-0039890;ST-012;E-0158;30.01.2026 14:34;SKU-00483;8;11200,00;10;CARD
R-0039795;ST-008;E-0139;30.01.2026 14:19;SKU-00414;1;45100,00;;CARD
R-0039879;ST-012;E-0160;30.01.2026 20:24;SKU-00286;4;86000,00;0;CARD
R-0039830;ST-010;E-0150;30.01.2026 19:02;SKU-00212;2;36300,00;;CASH
R-0039630;ST-002;E-0109;30.01.2026 12:03;SKU-00168;3;91300,00;;CASH
R-0039604;ST-001;E-0103;2026-01-30 14:59:57;SKU-00298;1;94200,00;15;CASH
R-0039713;ST-005;E-0124;30.01.2026 14:37;SKU-00009;5;55300,00;;CARD
R-0039845;ST-011;E-0153;2026-01-30 19:52:20;SKU-00093;1;103800,00;5;CARD
R-0039731;ST-006;E-0128;2026-01-30 19:35:52;SKU-00421;5;176800,00;;CASH
R-0039733;ST-006;E-0130;2026-01-30 12:34:47;SKU-00379;1;10200.00;;CASH
R-0039804;ST-009;E-0144;30.01.2026 13:44;SKU-00125;1;83200,00;5;CARD
R-0039847;ST-011;E-0154;30.01.2026 16:15;SKU-00399;2;51900,00;;CARD
R-0039619;ST-001;E-0103;2026-01-30 14:23:40;SKU-00388;1;14300,00;0;CARD
R-0039848;ST-011;E-0155;30.01.2026 17:16;SKU-00421;1;;0;TRANSFER
R-0039770;ST-008;E-0138;30.01.2026 15:23;SKU-00220;1;40000,00;20;CASH
R-0039768;ST-007;E-0133;2026-01-30 09:39:16;SKU-00275;4;52400,00;5;CARD
R-0039675;ST-004;E-0119;30.01.2026 17:15; sku-00237 ;3;101100,00;10;CASH
R-0039659;ST-003;E-0114;2026-01-30 12:57:32;SKU-00400;8;88700,00;;CARD
R-0039749;ST-006;E-0130;30.01.2026 15:44;SKU-00145;1;93100,00;15;CASH
R-0039628;ST-001;E-0105;30.01.2026 16:47;SKU-00020;2;94400,00;0;CASH
R-0039828;ST-010;E-0150;30.01.2026 10:27;SKU-00420;1;;;CASH
R-0039700;ST-005;E-0123;30.01.2026 09:26;SKU-00381;1;n/a;;CASH
R-0039753;ST-007;E-0133;2026-01-30 14:35:26;SKU-00261;3;26800,00;;CARD
R-0039825;ST-009;E-0145;30.01.2026 18:47;SKU-00345;5;68600,00;;CARD
R-0039618;ST-001;E-0103;30.01.2026 17:33;SKU-00424;2;91800,00;10;CASH
R-0039693;ST-004;E-0120;2026-01-30 10:41:51;SKU-00471;1;85000,00;0;CARD
R-0039724;ST-006;E-0130;2026-01-30 15:14:00;SKU-00328;1;102800,00;10;CARD
R-0039625;ST-001;E-0104;30.01.2026 12:30;SKU-00260;3;124300,00;5;CARD
R-0039702;ST-005;E-0124;30.01.2026 16:01;SKU-00202;5;11500,00;;CARD
R-0039658;ST-003;E-0114;2026-01-30 15:32:53;SKU-00030;1;120800,00;0;CASH
R-0039630;ST-002;E-0109;2026-01-30 12:03:16;SKU-00005;1;80800,00;0;CASH
R-0039628;ST-001;E-0105;30.01.2026 16:47;SKU-00288;2;13800,00;;CASH
R-0039772;ST-008;E-0138;30.01.2026 19:53;SKU-00479;3;11000,00;;CARD
R-0039812;ST-009;E-0145;30.01.2026 10:00;SKU-00176;1;63400,00;0;CARD
R-0039703;ST-005;E-0124;2026-01-30 13:15:22;SKU-00282;1;28900,00;;CARD
R-0039643;ST-002;E-0109;30.01.2026 13:55;SKU-00100;1;126800.00;10;CASH
R-0039759;ST-007;E-0134;2026-01-30 12:35:26;SKU-00029;3;11100,00;10;CASH
R-0039710;ST-005;E-0123;2026-01-30 19:54:51;SKU-00132;1;67900,00;15;CARD
R-0039796;ST-008;E-0140;30.01.2026 16:39;SKU-00441;1;114000,00;;TRANSFER
R-0039804;ST-009;E-0144;2026-01-30 13:44:10;SKU-00317;4;57400,00;5;CARD
R-0039725;ST-006;E-0128;2026-01-30 16:35:35;SKU-00138;1;61200,00;;CASH
R-0039830;ST-010;E-0150;2026-01-30 19:02:57;SKU-00116;2;28900,00;;CASH
R-0039707;ST-005;E-0125;30.01.2026 11:16;SKU-00143;2;17400,00;20;CASH
R-0039780;ST-008;E-0138;30.01.2026 17:16;SKU-00161;1;125600,00;;CARD
R-0039763;ST-007;E-0135;30.01.2026 13:40;SKU-00261;2;26800,00;10;CASH
R-0039828;ST-010;E-0150;30.01.2026 10:27;SKU-00439;2;151700,00;;CASH
R-0039679;ST-004;E-0120;30.01.2026 12:55;SKU-00033;1;137400,00;15;CASH
R-0039673;ST-003;E-0113;30.01.2026 10:34;SKU-00111;2;57700,00;;CASH
R-0039690;ST-004;E-0119;30.01.2026 17:57;SKU-00149;2;87300,00;;CARD
R-0039755;ST-007;E-0134;30.01.2026 18:49;SKU-00093;1;103800,00;5;CARD
R-0039809;ST-009;E-0145;2026-01-30 15:36:41;SKU-00441;1;114000,00;;TRANSFER
R-0039667;ST-003;E-0113;30.01.2026 09:46;SKU-00984;8;119600,00;;CASH
R-0039660;ST-003;E-0113;2026-01-30 12:11:48;SKU-00421;3;176800,00;10;CASH
R-0039827;ST-010;E-0148;30.01.2026 19:02;SKU-00189;8;28300,00;10;CASH
R-0039781;ST-008;E-0138;2026-01-30 12:36:28;SKU-00287;4;51100,00;;CARD
R-0039769;ST-007;E-0134;30.01.2026 16:14;SKU-00294;1;;10;TRANSFER
R-0039792;ST-008;E-0138;30.01.2026 10:33;SKU-00167;8;97900,00;0;CARD
R-0039744;ST-006;E-0129;2026-01-30 17:59:12;SKU-00132;1;67900,00;;CARD
R-0039700;ST-005;E-0148;30.01.2026 09:26;SKU-00285;1;70900,00;;CASH
R-0039727;ST-006;E-0130;30.01.2026 15:32;SKU-00092;2;35600,00;;CASH
R-0039728;ST-006;E-0130;2026-01-30 14:25:18;SKU-00056;3;39700,00;0;CASH
R-0039798;ST-008;E-0139;2026-01-30 10:37:23;SKU-00445;1;37300,00;0;CARD
R-0039688;ST-004;E-0120;30.01.2026 12:08;SKU-00377;2;45600,00;;TRANSFER
R-0039602;ST-001;E-0104;30.01.2026 11:00;SKU-00426;2;92100,00;0;CASH
R-0039848;ST-011;E-0155;30.01.2026 17:16;SKU-00020;1;94400,00;;TRANSFER
R-0039667;ST-003;E-0113;2026-01-30 09:46:30;SKU-00220;8;40000,00;;CASH
R-0039653;ST-003;E-0114;30.01.2026 14:17;SKU-00210;2;14600,00;;CASH
R-0039719;ST-005;E-0125;30.01.2026 14:25;SKU-00170;1;19900,00;5;CASH
R-0039630;ST-002;E-0109;30.01.2026 12:03;SKU-00367;3;11700,00;10;CASH
R-0039777;ST-008;E-0140;30.01.2026 09:17;SKU-00404;1;77200.00;;CARD
R-0039726;ST-006;E-0128;30.01.2026 09:23;SKU-00332;2;10900,00;5;CARD
R-0039605;ST-001;E-0105;30.01.2026 20:57;SKU-00223;3;28900,00;0;CARD
R-0039710;ST-005;E-0123;30.01.2026 19:54;SKU-00493;2;5200,00;;CARD
R-0039866;ST-011;E-0108;30.01.2026 14:47;SKU-00067;1;14700,00;;TRANSFER
R-0039847;ST-011;E-0154;30.01.2026 16:15;SKU-00063;1;24200,00;0;CARD
R-0039805;ST-009;E-0145;2026-01-30 20:09:35;SKU-00320;3;119100,00;;CASH
R-0039690;ST-004;E-0138;2026-01-30 17:57:15;SKU-00444;4;81200,00;5;CARD
R-0039710;ST-005;E-0123;30.01.2026 19:54;SKU-00388;2;14300,00;;CARD
R-0039867;ST-011;E-0153;2026-01-30 14:09:41;SKU-00309;1;25700.00;10;CASH
R-0039693;ST-004;E-0120;30.01.2026 10:41;SKU-00117;1;70200,00;10;CARD
R-0039738;ST-006;E-0128;30.01.2026 17:09;SKU-00048;4;22700.00;10;CASH
R-0039814;ST-009;E-0145;2026-01-30 13:40:23;SKU-00440;3;145000,00;;TRANSFER
R-0039683;ST-004;E-0119;30.01.2026 11:17;SKU-00072;2;57300,00;;CASH
R-0039793;ST-008;E-0138;30.01.2026 11:14;SKU-00442;8;131000,00;10;CARD
R-0039823;ST-009;E-0145;30.01.2026 11:08;SKU-00434;1;165300,00;;CARD
R-0039694;ST-005;E-0125;2026-01-30 13:56:41;SKU-00975;1;94200,00;0;CASH
R-0039837;ST-010;E-0149;30.01.2026 12:37;SKU-00458;2;124900,00;;CASH
R-0039637;ST-002;E-0110;2026-01-30 13:01:14;SKU-00256;1;88100,00;5;CARD
R-0039711;ST-005;E-0124;2026-01-30 17:47:08;SKU-00406;3;10200,00;;CARD
R-0039855;ST-011;E-0154;30.01.2026 19:55;SKU-00416;3;35600,00;5;CASH
R-0039686;ST-004;E-0120;30.01.2026 17:35;SKU-00182;1;39100,00;0;CARD
R-0039819;ST-009;E-0145;2026-01-30 20:22:31;SKU-00313;1;151900,00;;CASH
R-0039740;ST-006;E-0128;30.01.2026 09:41;SKU-00328;3;102800,00;;CASH
R-0039611;ST-001;E-0105;30.01.2026 17:43;SKU-00163;1;176100,00;0;CARD
R-0039807;ST-009;E-0144;2026-01-30 10:24:08;SKU-00242;2;173300,00;10;CARD
R-0039679;ST-004;E-0120;2026-01-30 12:55:18;SKU-00072;4;57300,00;;CASH
R-0039891;ST-012;E-0158;30.01.2026 11:10;SKU-00354;1;80300,00;15;CARD
R-0039780;ST-008;E-0138;30.01.2026 17:16;SKU-00391;5;63100,00;10;CARD
R-0039805;ST-009;E-0145;30.01.2026 20:09;SKU-00138;1;97920,00;0;CASH
R-0039859;ST-011;E-0153;30.01.2026 10:33;SKU-00029;4;11100,00;5;CARD
R-0039815;ST-009;E-0144;2026-01-30 13:47:36;SKU-00148;2;84000,00;;CASH
R-0039874;ST-011;E-0155;30.01.2026 20:40;SKU-00142;3;45300,00;;CARD
R-0039888;ST-012;E-0159;30.01.2026 15:19;SKU-00355;1;78200,00;;CARD
R-0039661;ST-003;E-0113;30.01.2026 19:11;SKU-00194;1;33900.00;;CARD
R-0039854;ST-011;E-0153;2026-01-30 13:26:30;SKU-00419;2;75200,00;;CASH
R-0039653;ST-003;E-0114;30.01.2026 14:17;SKU-00331;1;45600,00;15;CASH
R-0039715;ST-005;E-0125;30.01.2026 13:26; sku-00422 ;4;45200,00;0;TRANSFER
R-0039765;ST-007;E-0133;30.01.2026 15:28;SKU-00417;1;16900,00;;CARD
R-0039865;ST-011;E-0153;30.01.2026 17:59;SKU-00348;2;5000.00;;TRANSFER
R-0039629;ST-002;E-0108;30.01.2026 13:49;SKU-00252;1;119300,00;10;CASH
R-0039694;ST-005;E-0125;30.01.2026 13:56;SKU-00342;2;22000,00;;CASH
R-0039705;ST-005;E-0123;30.01.2026 10:26;SKU-00124;5;79040,00;;CASH
R-0039767;ST-007;E-0135;2026-01-30 11:42:48;SKU-00215;2;;;TRANSFER
R-0039684;ST-004;E-0118;2026-01-30 12:25:25;SKU-00409;1;20700,00;;CASH
R-0039766;ST-007;E-0134;30.01.2026 16:05;SKU-00493;1;5200,00;;CASH
R-0039609;ST-001;E-0103;2026-01-30 20:08:53;SKU-00131;3;142400,00;0;CARD
R-0039834;ST-010;E-0148;30.01.2026 19:34;SKU-00444;8;81200,00;;CARD
R-0039761;ST-007;E-0135;30.01.2026 16:04;SKU-00424;3;91800,00;;CASH
R-0039688;ST-004;E-0120;30.01.2026 12:08;SKU-00350;1;13800.00;15;TRANSFER
R-0039692;ST-004;E-0120;30.01.2026 09:59;SKU-00383;5;27800,00;0;CARD
R-0039889;ST-012;E-0159;30.01.2026 09:50;SKU-00278;1;7500,00;10;CASH
R-0039752;ST-007;E-0135;2026-01-30 09:07:48;SKU-00175;2;130100,00;0;CASH
R-0039622;ST-001;E-0105;30.01.2026 14:41;SKU-00139;1;44400,00;;CASH
R-0039640;ST-002;E-0109;2026-01-30 17:18:43;SKU-00118;3;21300,00;10;CASH
R-0039756;ST-007;E-0135;30.01.2026 13:41;SKU-00434;1;165300,00;0;CASH
R-0039686;ST-004;E-0120;30.01.2026 17:35;SKU-00410;1;13800,00;0;CARD
R-0039807;ST-009;E-0144;30.01.2026 10:24;SKU-00482;2;37100,00;0;CARD
R-0039766;ST-007;E-0134;30.01.2026 16:05;SKU-00069;1;79600,00;;CASH
R-0039797;ST-008;E-0139;30.01.2026 12:26;SKU-00094;1;68300,00;5;TRANSFER
R-0039635;ST-002;E-0110;30.01.2026 14:54;SKU-00050;2;41200,00;0;CASH
R-0039873;ST-011;E-0155;2026-01-30 13:43:07;SKU-00139;2;44400,00;5;CASH
R-0039749;ST-006;E-0130;2026-01-30 15:44:39;SKU-00429;1;45000,00;;CASH
R-0039600;ST-001;E-0104;30.01.2026 18:45;SKU-00394;1;;;CASH
R-0039894;ST-012;E-0160;2026-01-30 11:02:11;SKU-00451;1;134200,00;;CARD
R-0039824;ST-009;E-0144;30.01.2026 11:05;SKU-00003;2;5400,00;5;TRANSFER
R-0039619;ST-001;E-0103;30.01.2026 14:23;SKU-00494;2;54100,00;0;CARD
R-0039699;ST-005;E-0124;30.01.2026 18:27;SKU-00360;4;38800,00;;CASH
R-0039863;ST-011;E-0155;2026-01-30 19:09:51;SKU-00425;1;88600,00;;CASH
R-0039604;ST-001;E-0103;30.01.2026 14:59;SKU-00069;1;79600,00;10;CASH
R-0039800;ST-008;E-0138;2026-01-30 18:58:32;SKU-00248;1;123000.00;;CASH
R-0039790;ST-008;E-0138;2026-01-30 18:54:57;SKU-00175;2;130100,00;0;CASH
R-0039602;ST-001;E-0104;30.01.2026 11:00;SKU-00421;1;176800,00;;CASH
R-0039731;ST-006;E-0128;30.01.2026 19:35;SKU-00422;1;45200,00;;CASH
R-0039739;ST-006;E-0129;30.01.2026 17:26;SKU-00162;1;144700,00;10;CASH
R-0039768;ST-007;E-0133;2026-01-30 09:39:16;SKU-00324;3;145400,00;10;CARD
R-0039832;ST-010;E-0148;30.01.2026 17:14; sku-00359 ;1;17800,00;;CARD
R-0039713;ST-005;E-0124;2026-01-30 14:37:32;SKU-00307;2;98300,00;5;CARD
R-0039610;ST-001;E-0105;30.01.2026 19:00;SKU-00433;1;84800,00;0;CARD
R-0039639;ST-002;E-0110;30.01.2026 14:58;SKU-00040;4;57700,00;;CARD
R-0039752;ST-007;E-0135;30.01.2026 09:07;SKU-00066;8;42500,00;;CASH
R-0039818;ST-009;E-0144;30.01.2026 15:03;SKU-00119;1;93600,00;0;TRANSFER
R-0039794;ST-008;E-0139;30.01.2026 09:16;SKU-00080;5;38300,00;0;CASH
R-0039617;ST-001;E-0105;30.01.2026 11:17;SKU-00271;1;132480,00;;CASH
R-0039750;ST-007;E-0135;2026-01-30 12:20:52;SKU-00201;-1;40200.00;;CASH
R-0039713;ST-005;E-0124;2026-01-30 14:37:32;SKU-00136;1;29700,00;20;CARD
R-0039702;ST-005;E-0124;30.01.2026 16:01;SKU-00209;1;15900,00;;CARD
R-0039734;ST-006;E-0129;30.01.2026 13:50;SKU-00046;2;14400,00;;CARD
R-0039884;ST-012;E-0158;2026-01-30 15:03:40;SKU-00241;4;56500.00;0;CASH
R-0039668;ST-003;E-0113;2026-01-30 18:14:50;SKU-00157;4;83000,00;;CASH
R-0039605;ST-001;E-0105;30.01.2026 20:57;SKU-00211;4;22600.00;0;CARD
R-0039740;ST-006;E-0128;30.01.2026 09:41;SKU-00013;2;31600,00;10;CASH
R-0039768;ST-007;E-0133;2026-01-30 09:39:16;SKU-00071;5;23100,00;5;CARD
R-0039869;ST-011;E-0154;30.01.2026 14:05;SKU-00062;2;62600,00;;CASH
R-0039621;ST-001;E-0104;2026-01-30 16:04:23;SKU-00462;8;42300,00;0;CARD
R-0039678;ST-004;E-0120;30.01.2026 15:31;SKU-00054;5;33700,00;0;CARD
R-0039768;ST-007;E-0133;2026-01-30 09:39:16;SKU-00061;2;71800,00;;CARD
R-0039740;ST-006;E-0128;2026-01-30 09:41:16;SKU-00287;1;51100,00;5;CASH
R-0039864;ST-011;E-0154;30.01.2026 17:59;SKU-00389;5;83000,00;0;CARD
R-0039754;ST-007;E-0135;30.01.2026 12:48;SKU-00170;2;19900,00;0;CASH
R-0039841;ST-010;E-0150;30.01.2026 11:42;SKU-00015;1;13700,00;;CARD
R-0039619;ST-001;E-0103;30.01.2026 14:23;SKU-00110;1;22700,00;0;CARD
R-0039784;ST-008;E-0139;30.01.2026 11:41;SKU-00294;3;27300,00;;CASH
R-0039698;ST-005;E-0124;30.01.2026 11:24;SKU-00442;2;209600,00;;CASH
R-0039723;ST-005;E-0123;30.01.2026 14:28;SKU-00455;1;59900,00;;CARD
R-0039663;ST-003;E-0114;2026-01-30 19:30:48;SKU-00457;1;159900,00;;CARD
R-0039697;ST-005;E-0123;2026-01-30 09:03:56;SKU-00057;3;9760,00;0;TRANSFER
R-0039635;ST-002;E-0110;30.01.2026 14:54;SKU-00478;8;19800,00;5;CASH
R-0039654;ST-003;E-0113;30.01.2026 16:37;SKU-00192;2;32500,00;;CASH
R-0039796;ST-008;E-0140;30.01.2026 16:39;SKU-00286;1;86000,00;;TRANSFER
R-0039761;ST-007;E-0135;30.01.2026 16:04;SKU-00084;5;91200,00;;CASH
R-0039633;ST-002;E-0109;30.01.2026 16:18;SKU-00409;2;20700,00;5;CARD
R-0039793;ST-008;E-0138;30.01.2026 11:14;SKU-00324;2;145400,00;0;CARD
R-0039892;ST-012;E-0158;30.01.2026 19:26;SKU-00354;8;80300,00;;CARD
R-0039708;ST-005;E-0124;30.01.2026 13:26;SKU-00288;2;13800,00;10;CARD
R-0039758;ST-007;E-0134;30.01.2026 10:18;SKU-00408;5;40000,00;10;CARD
R-0039838;ST-010;E-0149;30.01.2026 09:20;SKU-00212;2;36300,00;5;CASH
R-0039666;ST-003;E-0114;30.01.2026 13:52;SKU-00291;3;51700,00;;CARD
R-0039885;ST-012;E-0159;2026-01-30 16:02:21;SKU-00181;2;16200,00;;CASH
R-0039708;ST-005;E-0124;2026-01-30 13:26:46;SKU-00357;1;84800,00;;CARD
R-0039690;ST-004;E-0119;30.01.2026 17:57;SKU-00112;1;117300,00;5;CARD
R-0039783;ST-008;E-0139;30.01.2026 11:17;SKU-00418;4;9400,00;;CARD
R-0039625;ST-001;E-0104;30.01.2026 12:30;SKU-00182;5;39100,00;;CARD
R-0039825;ST-009;E-0145;30.01.2026 18:47;SKU-00016;1;164600,00;10;CARD
R-0039686;ST-004;E-0120;30.01.2026 17:35;SKU-00258;2;58200.00;;CARD
R-0039722;ST-005;E-0125;30.01.2026 17:29;SKU-00078;1;107900,00;0;CARD
R-0039666;ST-003;E-0114;30.01.2026 13:52;SKU-00036;1;92900.00;;CARD
R-0039712;ST-005;E-0123;30.01.2026 09:08;SKU-00345;1;68600,00;;CARD
R-0039858;ST-011;E-0155;2026-01-30 09:10:04;SKU-00307;1;98300,00;10;CASH
R-0039734;ST-006;E-0129;2026-01-30 13:50:13;SKU-00267;1;96600,00;;CARD
R-0039707;ST-005;E-0125;30.01.2026 11:16;SKU-00132;3;67900,00;;CASH
R-0039607;ST-001;E-0105;30.01.2026 14:00;SKU-00230;5;106500,00;;CASH
R-0039632;ST-002;E-0110;30.01.2026 15:49;SKU-00415;1;87600,00;10;CASH
R-0039673;ST-003;E-0113;2026-01-30 10:34:32;SKU-00027;1;100600,00;0;CASH
R-0039649;ST-002;E-0108;30.01.2026 14:13;SKU-00232;1;142200,00;10;CASH
R-0039835;ST-010;E-0148;2026-01-30 15:28:29;SKU-00497;2;38000,00;5;CASH
R-0039694;ST-005;E-0125;30.01.2026 13:56;SKU-00322;5;95700,00;0;CASH
R-0039706;ST-005;E-0124;2026-01-30 16:23:40;SKU-00227;1;41500,00;0;TRANSFER
R-0039888;ST-012;E-0159;30.01.2026 15:19;SKU-00217;3;25300,00;0;CARD
R-0039837;ST-010;E-0149;30.01.2026 12:37;SKU-00317;3;57400,00;10;CASH
R-0039614;ST-001;E-0104;2026-01-30 20:53:59;SKU-00119;2;93600,00;10;CASH
R-0039793;ST-008;E-0138;30.01.2026 11:14;SKU-00172;1;78700,00;0;CARD
R-0039677;ST-004;E-0119;2026-01-30 13:16:51;SKU-00147;3;75400,00;10;CASH
R-0039621;ST-001;E-0104;30.01.2026 16:04;SKU-00052;4;39600,00;;CARD
R-0039893;ST-012;E-0160;30.01.2026 10:06;SKU-00391;2;63100,00;20;CARD
R-0039708;ST-005;E-0124;30.01.2026 13:26;SKU-00334;2;30700,00;;CARD
R-0039647;ST-002;E-0109;30.01.2026 11:02;SKU-00032;8;80500,00;10;CARD
R-0039680;ST-004;E-0119;30.01.2026 13:45;SKU-00352;1;148480,00;;CARD
R-0039844;ST-011;E-0108;30.01.2026 20:04;SKU-00116;1;28900,00;10;CASH
R-0039747;ST-006;E-0129;30.01.2026 15:06;SKU-00443;3;76400,00;0;CASH
R-0039877;ST-012;E-0159;30.01.2026 17:35;SKU-00061;1;71800,00;5;CASH
R-0039677;ST-004;E-0119;30.01.2026 13:16;SKU-00332;1;10900,00;;CASH
R-0039696;ST-005;E-0123;30.01.2026 13:30;SKU-00074;1;20000,00;;CARD
R-0039655;ST-003;E-0114;30.01.2026 09:17;SKU-00068;1;68500,00;;CARD
R-0039651;ST-003;E-0113;2026-01-30 13:32:16;SKU-00103;2;144500,00;0;CARD
R-0039641;ST-002;E-0110;30.01.2026 17:46;SKU-00284;3;18000,00;0;CASH
R-0039795;ST-008;E-0139;30.01.2026 14:19;SKU-00254;2;118300,00;0;CARD
R-0039723;ST-005;E-0123;30.01.2026 14:28;SKU-00474;8;;;CARD
R-0039718;ST-005;E-0125;30.01.2026 10:24;SKU-00347;1;27500.00;;CARD
R-0039755;ST-007;E-0134;2026-01-30 18:49:12;SKU-00491;1;84400,00;10;CARD
R-0039631;ST-002;E-0109;2026-01-30 09:52:30;SKU-00491;1;84400,00;;CASH
R-0039858;ST-011;E-0155;2026-01-30 09:10:04;SKU-00432;1;78300,00;0;CASH
R-0039787;ST-008;E-0139;30.01.2026 10:04;SKU-00249;1;32600,00;;TRANSFER
R-0039606;ST-001;E-0104;2026-01-30 11:06:57;SKU-00466;4;10700,00;;CARD
R-0039744;ST-006;E-0129;30.01.2026 17:59;SKU-00195;1;37000,00;;CARD
R-0039683;ST-004;E-0119;30.01.2026 11:17;SKU-00016;4;164600,00;5;CASH
R-0039672;ST-003;E-0115;30.01.2026 14:58;SKU-00355;1;78200,00;;CASH
R-0039708;ST-005;E-0124;30.01.2026 13:26;SKU-00163;2;176100,00;10;CARD
R-0039810;ST-009;E-0144;30.01.2026 14:28;SKU-00499;2;43700,00;;CASH
R-0039757;ST-007;E-0135;2026-01-30 17:53:29;SKU-00181;1;16200,00;;CARD
R-0039750;ST-007;E-0135;30.01.2026 12:20;SKU-00373;1;13700,00;0;CASH
R-0039808;ST-009;E-0145;2026-01-30 17:20:46;SKU-00135;5;28300,00;10;CARD
R-0039643;ST-002;E-0109;30.01.2026 13:55;SKU-00481;1;85800,00;;CASH
R-0039615;ST-001;E-0104;2026-01-30 11:14:17;SKU-00445;1;37300,00;;CASH
R-0039666;ST-003;E-0114;30.01.2026 13:52;SKU-00155;5;59400,00;;CARD
R-0039759;ST-007;E-0134;2026-01-30 12:35:26;SKU-00353;4;43800,00;0;CASH
R-0039724;ST-006;E-0130;30.01.2026 15:14;SKU-00248;2;123000,00;5;CARD
R-0039731;ST-006;E-0128;2026-01-30 19:35:52;SKU-00144;1;47800,00;0;CASH
R-0039734;ST-006;E-0129;30.01.2026 13:50;SKU-00312;8;44700,00;;CARD
R-0039636;ST-002;E-0108;2026-01-30 18:14:05;SKU-00101;2;59300.00;20;CARD
R-0039878;ST-012;E-0160;30.01.2026 10:11;SKU-00182;1;39100,00;5;CASH
R-0039811;ST-009;E-0145;30.01.2026 16:07;SKU-00331;5;45600,00;0;CARD
R-0039759;ST-007;E-0134;30.01.2026 12:35;SKU-00340;1;;0;CASH
R-0039857;ST-011;E-0155;2026-01-30 19:04:30;SKU-00046;1;14400,00;10;CASH
R-0039867;ST-011;E-0153;2026-01-30 14:09:41;SKU-00043;1;98200,00;;CASH
R-0039806;ST-009;E-0144;30.01.2026 20:52;SKU-00288;2;13800,00;;CASH
R-0039690;ST-004;E-0119;30.01.2026 17:57; sku-00443 ;3;76400,00;;CARD
R-0039829;ST-010;E-0149;30.01.2026 17:38; sku-00157 ;3;83000,00;;CARD
R-0039673;ST-003;E-0113;30.01.2026 10:34;SKU-00312;3;44700,00;0;CASH
R-0039851;ST-011;E-0155;30.01.2026 20:14;SKU-00173;3;117900,00;10;CARD
R-0039852;ST-011;E-0153;30.01.2026 17:22;SKU-00454;2;83500,00;;CARD
R-0039775;ST-008;E-0140;2026-01-30 10:35:35;SKU-00020;2;94400,00;0;CASH
R-0039748;ST-006;E-0130;2026-01-30 13:44:31;SKU-00162;2;144700,00;;CARD
R-0039761;ST-007;E-0135;2026-01-30 16:04:12;SKU-00131;5;142400,00;;CASH
R-0039644;ST-002;E-0110;2026-01-30 15:30:48;SKU-00012;0;82800,00;;CASH
R-0039742;ST-006;E-0129;2026-01-30 09:24:00; sku-00285 ;1;70900,00;15;CASH
R-0039881;ST-012;E-0159;2026-01-30 17:31:41;SKU-00386;1;10600,00;5;CARD
R-0039723;ST-005;E-0123;30.01.2026 14:28;SKU-00043;1;98200,00;5;CARD
R-0039647;ST-002;E-0109;2026-01-30 11:02:43;SKU-00092;1;35600,00;;CARD
R-0039655;ST-003;E-0114;30.01.2026 09:17;SKU-00070;1;20600,00;20;CARD
R-0039819;ST-009;E-0145;30.01.2026 20:22;SKU-00043;1;98200,00;;CASH
R-0039676;ST-004;E-0119;30.01.2026 12:45;SKU-00130;1;119600,00;0;CARD
R-0039797;ST-008;E-0139;2026-01-30 12:26:13;SKU-00342;1;22000,00;;TRANSFER
R-0039867;ST-011;E-0153;2026-01-30 14:09:41;SKU-00457;3;159900,00;5;CASH
R-0039627;ST-001;E-0105;30.01.2026 15:56;SKU-00141;2;60300,00;0;CARD
R-0039859;ST-011;E-0153;30.01.2026 10:33;SKU-00357;2;84800,00;20;CARD
R-0039830;ST-010;E-0150;30.01.2026 19:02;SKU-00367;1;11700,00;;CASH
R-0039873;ST-011;E-0155;2026-01-30 13:43:07;SKU-00035;1;53500.00;;CASH
R-0039649;ST-002;E-0108;30.01.2026 14:13;SKU-00305;1;32000,00;;CASH
R-0039848;ST-011;E-0155;2026-01-30 17:16:51;SKU-00229;1;152600,00;;TRANSFER
R-0039686;ST-004;E-0120;2026-01-30 17:35:18;SKU-00435;5;176400,00;;CARD
R-0039720;ST-005;E-0123;2026-01-30 11:00:41;SKU-00353;1;43800.00;;CARD
R-0039707;ST-005;E-0125;30.01.2026 11:16;SKU-00485;1;9500.00;0;CASH
R-0039792;ST-008;E-0138;30.01.2026 10:33;SKU-00387;4;66700,00;;CARD
R-0039677;ST-004;E-0119;30.01.2026 13:16;SKU-00336;1;69900,00;;CASH
R-0039656;ST-003;E-0115;2026-01-30 12:28:24;SKU-00355;3;78200,00;;CARD
R-0039697;ST-005;E-0123;30.01.2026 09:03;SKU-00443;2;76400,00;0;TRANSFER
R-0039741;ST-006;E-0128;30.01.2026 18:36;SKU-00425;2;88600,00;10;CASH
R-0039843;ST-010;E-0149;30.01.2026 16:24;SKU-00491;1;84400,00;;CARD
R-0039604;ST-001;E-0103;30.01.2026 14:59;SKU-00041;1;35700,00;;CASH
R-0039761;ST-007;E-0135;2026-01-30 16:04:12;SKU-00186;2;18600,00;;CASH
R-0039812;ST-009;E-0145;30.01.2026 10:00;SKU-00107;1;43000,00;0;CARD
R-0039727;ST-006;E-0130;2026-01-30 15:32:44;SKU-00283;2;71900,00;;CASH
R-0039694;ST-005;E-0125;2026-01-30 13:56:41;SKU-00013;4;31600,00;;CASH
R-0039882;ST-012;E-0159;30.01.2026 16:24;SKU-00336;1;69900,00;0;CARD
R-0039731;ST-006;E-0128;30.01.2026 19:35;SKU-00254;5;189280,00;10;CASH
R-0039744;ST-006;E-0129;2026-01-30 17:59:12;SKU-00359;4;17800,00;0;CARD
R-0039856;ST-011;E-0153;2026-01-30 20:16:14;SKU-00077;1;123800,00;129;CARD
R-0039787;ST-008;E-0139;30.01.2026 10:04;SKU-00023;1;133500,00;5;TRANSFER
R-0039874;ST-011;E-0155;2026-01-30 20:40:01;SKU-00267;3;96600,00;0;CARD
R-0039762;ST-007;E-0133;30.01.2026 12:45;SKU-00185;1;23600,00;;CARD
R-0039779;ST-008;E-0138;30.01.2026 09:02;SKU-00133;1;142100,00;;CARD
R-0039738;ST-006;E-0128;30.01.2026 17:09;SKU-00011;1;24500,00;;CASH
R-0039833;ST-010;E-0149;30.01.2026 19:25;SKU-00287;1;81760,00;0;CARD
R-0039769;ST-007;E-0134;30.01.2026 16:14;SKU-00418;4;9400,00;5;TRANSFER
R-0039832;ST-010;E-0148;30.01.2026 17:14;SKU-00259;1;53600,00;5;CARD
R-0039713;ST-005;E-0124;30.01.2026 14:37;SKU-00491;1;84400,00;;CARD
R-0039743;ST-006;E-0130;2026-01-30 17:39:38;SKU-00316;1;103700,00;0;CASH
R-0039838;ST-010;E-0149;30.01.2026 09:20;SKU-00489;5;;5;CASH
R-0039842;ST-010;E-0148;30.01.2026 14:45;SKU-00486;5;47900,00;;CASH
R-0039797;ST-008;E-0139;2026-01-30 12:26:13;SKU-00299;2;66600,00;;TRANSFER
R-0039632;ST-002;E-0110;30.01.2026 15:49;SKU-00092;8;35600,00;10;CASH
R-0039778;ST-008;E-0139;2026-01-30 15:35:36;SKU-00122;3;66600,00;;CARD
R-0039720;ST-005;E-0123;2026-01-30 11:00:41;SKU-00036;3;92900,00;10;CARD
R-0039862;ST-011;E-0155;30.01.2026 11:53;SKU-00188;4;23300,00;;CASH
R-0039649;ST-002;E-0108;30.01.2026 14:13;SKU-00002;8;67400,00;5;CASH
R-0039722;ST-005;E-0125;30.01.2026 17:29;SKU-00403;4;89500,00;10;CARD
R-0039616;ST-001;E-0104;30.01.2026 14:01;SKU-00169;2;50200,00;0;CARD
R-0039615;ST-001;E-0104;30.01.2026 11:14;SKU-00077;3;123800,00;5;CASH
R-0039779;ST-008;E-0138;30.01.2026 09:02;SKU-00491;3;84400,00;5;CARD
R-0039748;ST-006;E-0130;30.01.2026 13:44;SKU-00010;1;25500,00;;CARD
R-0039810;ST-009;E-0144;2026-01-30 14:28:22;SKU-00228;1;118500,00;15;CASH
R-0039733;ST-006;E-0130;30.01.2026 12:34;SKU-00316;1;103700,00;0;CASH
R-0039616;ST-001;E-0104;30.01.2026 14:01;SKU-00449;2;138100,00;5;CARD
R-0039689;ST-004;E-0119;30.01.2026 15:32;SKU-00030;3;120800,00;;CASH
R-0039893;ST-012;E-0160;30.01.2026 10:06; sku-00014 ;2;15100,00;;CARD
R-0039635;ST-002;E-0110;30.01.2026 14:54;SKU-00470;3;51200,00;;CASH
R-0039829;ST-010;E-0149;30.01.2026 17:38;SKU-00143;2;17400,00;;CARD
R-0039885;ST-012;E-0159;30.01.2026 16:02;SKU-00331;3;45600,00;;CASH
R-0039880;ST-012;E-0160;30.01.2026 18:16;SKU-00124;5;49400,00;15;TRANSFER
R-0039655;ST-003;E-0114;30.01.2026 09:17;SKU-00169;1;50200,00;10;CARD
R-0039606;ST-001;E-0104;30.01.2026 11:06;SKU-00240;4;52600,00;0;CARD
R-0039623;ST-001;E-0104;30.01.2026 15:02;SKU-00171;5;91700,00;;CASH
R-0039650;ST-002;E-0109;2026-01-30 14:02:39;SKU-00049;1;30700.00;15;CASH
R-0039772;ST-008;E-0138;30.01.2026 19:53;SKU-00479;3;11000,00;;CARD
R-0039892;ST-012;E-0158;30.01.2026 19:26;SKU-00205;2;24000,00;;CARD
R-0039748;ST-006;E-0130;30.01.2026 13:44;SKU-00086;1;144200,00;;CARD
R-0039604;ST-001;E-0103;2026-01-30 14:59:57; sku-00010 ;8;;5;CASH
R-0039867;ST-011;E-0153;30.01.2026 14:09;SKU-00354;5;80300,00;0;CASH
R-0039638;ST-002;E-0110;2026-01-30 09:57:18;SKU-00076;1;55600,00;5;CASH
R-0039620;ST-001;E-0105;2026-01-30 16:05:26;SKU-00119;2;93600,00;;CARD
R-0039734;ST-006;E-0129;2026-01-30 13:50:13;SKU-00181;3;16200,00;0;CARD
R-0039704;ST-005;E-0124;2026-01-30 11:58:29;SKU-00118;3;21300,00;;CASH
R-0039737;ST-006;E-0128;30.01.2026 18:07;SKU-00032;1;80500,00;15;CARD
R-0039855;ST-011;E-0154;2026-01-30 19:55:52;SKU-00046;1;14400,00;;CASH
R-0039707;ST-005;E-0125;2026-01-30 11:16:36;SKU-00430;1;177700,00;0;CASH
R-0039625;ST-001;E-0104;2026-01-30 12:30:31;SKU-00413;1;84100,00;5;CARD
R-0039752;ST-007;E-0135;30.01.2026 09:07;SKU-00105;3;;;CASH
R-0039718;ST-005;E-0125;30.01.2026 10:24;SKU-00437;1;48300.00;;CARD
R-0039706;ST-005;E-0124;30.01.2026 16:23;SKU-00027;2;100600,00;;TRANSFER
R-0039821;ST-009;E-0145;30.01.2026 14:21;SKU-00126;4;47700,00;5;CASH
R-0039723;ST-005;E-0123;30.01.2026 14:28;SKU-00056;2;39700,00;5;CARD
R-0039839;ST-010;E-0148;30.01.2026 15:38;SKU-00464;2;;0;CARD
R-0039861;ST-011;E-0155;2026-01-30 18:45:03;SKU-00297;2;46100,00;0;CARD
R-0039831;ST-010;E-0150;30.01.2026 13:10;SKU-00050;1;41200,00;;CASH
R-0039860;ST-011;E-0154;30.01.2026 15:41;SKU-00399;1;51900,00;0;CASH
R-0039721;ST-005;E-0123;2026-01-30 14:18:52;SKU-00297;1;46100,00;15;CARD
R-0039791;ST-008;E-0139;30.01.2026 16:39;SKU-00438;1;149700,00;;CARD
R-0039725;ST-006;E-0128;30.01.2026 16:35;SKU-00498;1;157900,00;0;CASH
R-0039684;ST-004;E-0118;2026-01-30 12:25:25;SKU-00147;1;75400,00;0;CASH
R-0039633;ST-002;E-0109;30.01.2026 16:18;SKU-00286;3;86000,00;15;CARD
R-0039850;ST-011;E-0153;2026-01-30 13:42:45;SKU-00039;1;132900,00;;CARD
R-0039674;ST-003;E-0114;30.01.2026 13:20;SKU-00464;1;108000,00;0;CASH
R-0039823;ST-009;E-0145;30.01.2026 11:08;SKU-00347;4;;0;CARD
R-0039700;ST-005;E-0123;30.01.2026 09:26;SKU-00275;2;52400,00;;CASH
R-0039787;ST-008;E-0139;2026-01-30 10:04:20;SKU-00195;1;37000,00;15;TRANSFER
R-0039658;ST-003;E-0114;30.01.2026 15:32;SKU-00015;1;13700.00;5;CASH
R-0039639;ST-002;E-0110;2026-01-30 14:58:40;SKU-00090;5;;;CARD
R-0039645;ST-002;E-0108;30.01.2026 09:19;SKU-00127;2;31200.00;;CASH
R-0039799;ST-008;E-0139;30.01.2026 20:33;SKU-00404;3;77200,00;10;CASH
R-0039668;ST-003;E-0113;30.01.2026 18:14;SKU-00408;1;40000,00;;CASH
R-0039838;ST-010;E-0149;30.01.2026 09:20;SKU-00236;4;10800,00;15;CASH
R-0039709;ST-005;E-0125;2026-01-30 20:03:38;SKU-00085;4;128900,00;;CARD
R-0039872;ST-011;E-0154;2026-01-30 13:31:48;SKU-00288;3;13800,00;5;CASH
R-0039850;ST-011;E-0153;30.01.2026 13:42;SKU-00029;1;11100,00;5;CARD
R-0039804;ST-009;E-0144;30.01.2026 13:44;SKU-00234;8;59900,00;10;CARD
R-0039782;ST-008;E-0139;30.01.2026 13:35;SKU-00067;1;14700,00;20;CASH
R-0039819;ST-009;E-0145;30.01.2026 20:22;SKU-00055;3;25200,00;0;CASH
R-0039843;ST-010;E-0149;2026-01-30 16:24:14;SKU-00467;1;63500,00;5;CARD
R-0039618;ST-001;E-0103;2026-01-30 17:33:57;SKU-00216;5;19000,00;;CASH
R-0039850;ST-011;E-0153;30.01.2026 13:42;SKU-00027;3;100600,00;;CARD
R-0039661;ST-003;E-0113;2026-01-30 19:11:17;SKU-00461;5;142600,00;;CARD
R-0039854;ST-011;E-0153;30.01.2026 13:26;SKU-00254;1;118300,00;20;CASH
R-0039704;ST-005;E-0124;30.01.2026 11:58;SKU-00321;2;125800,00;0;CASH
R-0039614;ST-001;E-0104;2026-01-30 20:53:59;SKU-00341;1;63200,00;10;CASH
R-0039853;ST-011;E-0155;2026-01-30 18:50:17;SKU-00454;1;83500,00;20;CASH
R-0039654;ST-003;E-0113;2026-01-30 16:37:21;SKU-00441;5;114000,00;15;CASH
R-0039804;ST-009;E-0144;2026-01-30 13:44:10;SKU-00238;8;58700,00;;CARD
R-0039837;ST-010;E-0149;2026-01-30 12:37:27;SKU-00382;2;75300,00;0;CASH
R-0039734;ST-006;E-0129;30.01.2026 13:50;SKU-00100;2;126800,00;;CARD
R-0039720;ST-005;E-0123;2026-01-30 11:00:41;SKU-00497;3;38000,00;;CARD
R-0039867;ST-011;E-0153;30.01.2026 14:09;SKU-00387;2;66700,00;;CASH
R-0039716;ST-005;E-0124;30.01.2026 10:59;SKU-00344;1;9900,00;0;CARD
R-0039757;ST-007;E-0135;30.01.2026 17:53;SKU-00080;1;38300,00;5;CARD
R-0039755;ST-007;E-0134;30.01.2026 18:49;SKU-00348;1;5000,00;;CARD
R-0039731;ST-006;E-0128;30.01.2026 19:35;SKU-00019;1;116300,00;20;CASH
R-0039721;ST-005;E-0123;2026-01-30 14:18:52;SKU-00331;4;45600,00;5;CARD
R-0039642;ST-002;E-0110;2026-01-30 14:38:33;SKU-00396;4;31300,00;;CASH
R-0039705;ST-005;E-0123;30.01.2026 10:26;SKU-00379;1;10200.00;;CASH
R-0039668;ST-003;E-0113;30.01.2026 18:14;SKU-00395;1;57400,00;15;CASH
R-0039845;ST-011;E-0153;30.01.2026 19:52;SKU-00163;1;176100,00;0;CARD
R-0039774;ST-008;E-0138;2026-01-30 19:36:24;SKU-00265;1;94100,00;0;CASH
R-0039672;ST-003;E-0115;2026-01-30 14:58:10;SKU-00162;1;144700.00;10;CASH
R-0039648;ST-002;E-0108;30.01.2026 11:10;SKU-00475;2;56900,00;;CASH
R-0039744;ST-006;E-0129;2026-01-30 17:59:12;SKU-00487;4;39400,00;;CARD
R-0039888;ST-012;E-0159;30.01.2026 15:19;SKU-00306;1;45100,00;0;CARD
R-0039621;ST-001;E-0104;30.01.2026 16:04;SKU-00232;4;142200,00;;CARD
R-0039602;ST-001;E-0104;30.01.2026 11:00;SKU-00327;1;21400,00;0;CASH
R-0039682;ST-004;E-0120;30.01.2026 20:34;SKU-00182;1;39100,00;;CASH
R-0039852;ST-011;E-0153;2026-01-30 17:22:27;SKU-00207;1;24300,00;;CARD
R-0039864;ST-011;E-0154;30.01.2026 17:59;SKU-00455;1;-;;CARD
R-0039794;ST-008;E-0139;30.01.2026 09:16;SKU-00006;2;47800,00;;CASH
R-0039627;ST-001;E-0105;30.01.2026 15:56;SKU-00411;1;58900,00;;CARD
R-0039640;ST-002;E-0109;2026-01-30 17:18:43;SKU-00420;1;58300,00;0;CASH
R-0039801;ST-008;E-0139;30.01.2026 20:47;SKU-00021;2;81900.00;5;CARD
R-0039745;ST-006;E-0128;2026-01-30 14:19:36;SKU-00292;1;63500,00;0;CASH
R-0039758;ST-007;E-0134;30.01.2026 10:18;SKU-00170;1;19900,00;5;CARD
R-0039832;ST-010;E-0148;2026-01-30 17:14:53;SKU-00361;3;33800,00;5;CARD
R-0039622;ST-001;E-0105;2026-01-30 14:41:07;SKU-00113;8;128000,00;0;CASH
R-0039832;ST-010;E-0148;30.01.2026 17:14;SKU-00429;1;45000,00;0;CARD
R-0039887;ST-012;E-0159;30.01.2026 18:21;SKU-00094;1;68300,00;;CARD
R-0039682;ST-004;E-0120;30.01.2026 20:34;SKU-00322;3;95700,00;0;CASH
R-0039698;ST-005;E-0124;30.01.2026 11:24;SKU-00031;1;20300,00;5;CASH
R-0039668;ST-003;E-0113;30.01.2026 18:14;SKU-00458;1;124900,00;;CASH
R-0039746;ST-006;E-0128;30.01.2026 18:58;SKU-00220;1;40000,00;0;CASH
R-0039856;ST-011;E-0153;2026-01-30 20:16:14;SKU-00332;2;10900,00;;CARD
R-0039826;ST-010;E-0154;2026-01-30 11:04:27;SKU-00228;1;118500,00;15;TRANSFER
R-0039729;ST-006;E-0128;2026-01-30 19:34:43;SKU-00486;2;47900,00;5;CARD
R-0039782;ST-008;E-0139;30.01.2026 13:35;SKU-00308;1;77000,00;;CASH
R-0039787;ST-008;E-0139;30.01.2026 10:04;SKU-00331;2;45600,00;;TRANSFER
R-0039715;ST-005;E-0125;30.01.2026 13:26;SKU-00110;1;22700,00;;TRANSFER
R-0039886;ST-012;E-0158;30.01.2026 16:37;SKU-00293;5;74200,00;;CASH
R-0039767;ST-007;E-0135;30.01.2026 11:42;SKU-00248;1;;;TRANSFER
R-0039732;ST-006;E-0130;30.01.2026 10:05;SKU-00187;4;11900,00;0;CASH
R-0039671;ST-003;E-0113;30.01.2026 20:20;SKU-00436;4;120400.00;0;TRANSFER
R-0039670;ST-003;E-0113;30.01.2026 10:39;SKU-00104;2;101200,00;;TRANSFER
R-0039758;ST-007;E-0134;30.01.2026 10:18;SKU-00413;1;84100,00;15;CARD
R-0039702;ST-005;E-0124;2026-01-30 16:01:03;SKU-00146;2;38700,00;;CARD
R-0039714;ST-005;E-0123;30.01.2026 11:37;SKU-00155;3;59400,00;10;CASH
R-0039874;ST-011;E-0155;2026-01-30 20:40:01;SKU-00249;2;32600,00;;CARD
R-0039893;ST-012;E-0160;2026-01-30 10:06:47;SKU-00105;1;31500,00;10;CARD
R-0039735;ST-006;E-0128;30.01.2026 20:08;SKU-00303;1;151000,00;;CASH
R-0039711;ST-005;E-0124;30.01.2026 17:47;SKU-00258;1;58200,00;0;CARD
R-0039701;ST-005;E-0125;30.01.2026 12:14;SKU-00392;4;53300,00;0;CASH
R-0039785;ST-008;E-0138;30.01.2026 11:00; sku-00316 ;1;103700,00;0;CASH
R-0039675;ST-004;E-0119;30.01.2026 17:15;SKU-00452;5;16200,00;10;CASH
R-0039836;ST-010;E-0149;30.01.2026 14:31;SKU-00104;5;101200,00;0;CASH
R-0039865;ST-011;E-0153;30.01.2026 17:59;SKU-00121;4;15000,00;;TRANSFER
R-0039852;ST-011;E-0153;30.01.2026 17:22;SKU-00195;2;37000,00;20;CARD
R-0039755;ST-007;E-0134;2026-01-30 18:49:12;SKU-00295;2;43800.00;;CARD
R-0039716;ST-005;E-0124;2026-01-30 10:59:20;SKU-00097;1;38400,00;;CARD
R-0039751;ST-007;E-0133;30.01.2026 20:18;SKU-00382;1;75300,00;0;CASH
R-0039750;ST-007;E-0135;2026-01-30 12:20:52;SKU-00487;2;39400,00;20;CASH
R-0039667;ST-003;E-0113;30.01.2026 09:46;SKU-00386;2;10600,00;;CASH
R-0039669;ST-003;E-0114;30.01.2026 12:45;SKU-00161;1;125600,00;5;CARD
R-0039777;ST-008;E-0140;2026-01-30 09:17:11;SKU-00401;4;48700,00;;CARD
R-0039775;ST-008;E-0140;2026-01-30 10:35:35;SKU-00244;1;n/a;0;CASH
R-0039749;ST-006;E-0130;2026-01-30 15:44:39;SKU-00174;4;60700,00;0;CASH
R-0039889;ST-012;E-0159;30.01.2026 09:50;SKU-00323;3;129500,00;0;CASH
R-0039757;ST-007;E-0135;30.01.2026 17:53;SKU-00397;3;5300,00;;CARD
R-0039844;ST-011;E-0154;30.01.2026 20:04;SKU-00442;2;131000,00;0;CASH
R-0039725;ST-006;E-0128;2026-01-30 16:35:35;SKU-00358;5;8500,00;15;CASH
R-0039853;ST-011;E-0155;30.01.2026 18:50;SKU-00248;1;123000,00;0;CASH
R-0039818;ST-009;E-0144;30.01.2026 15:03;SKU-00094;1;68300,00;5;TRANSFER
R-0039649;ST-002;E-0108;2026-01-30 14:13:29;SKU-00010;2;25500,00;;CASH
R-0039600;ST-001;E-0104;2026-01-30 18:45:41;SKU-00400;5;88700,00;0;CASH
R-0039613;ST-001;E-0105;2026-01-30 19:51:44;SKU-00058;3;7400,00;;CASH
R-0039743;ST-006;E-0130;30.01.2026 17:39;SKU-00016;2;164600,00;;CASH
R-0039664;ST-003;E-0114;2026-01-30 15:02:20;SKU-00032;1;80500,00;;CASH
R-0039799;ST-008;E-0139;2026-01-30 20:33:31;SKU-00155;1;59400,00;;CASH
R-0039818;ST-009;E-0144;30.01.2026 15:03;SKU-00213;2;39000.00;;TRANSFER
R-0039782;ST-008;E-0139;2026-01-30 13:35:51;SKU-00033;1;137400,00;;CASH
R-0039796;ST-008;E-0140;30.01.2026 16:39;SKU-00230;1;106500,00;0;TRANSFER
R-0039794;ST-008;E-0139;30.01.2026 09:16; sku-00063 ;8;24200,00;15;CASH
R-0039863;ST-011;E-0155;30.01.2026 19:09;SKU-00462;1;42300,00;0;CASH
R-0039762;ST-007;E-0133;2026-01-30 12:45:35;SKU-00223;1;28900,00;;CARD
R-0039718;ST-005;E-0125;2026-01-30 10:24:39;SKU-00179;3;108100,00;;CARD
R-0039717;ST-005;E-0124;2026-01-30 11:06:15;SKU-00310;1;141800,00;0;CARD
R-0039605;ST-001;E-0105;30.01.2026 20:57;SKU-00207;1;24300,00;5;CARD
R-0039683;ST-004;E-0119;30.01.2026 11:17;SKU-00369;1;50900,00;0;CASH
R-0039749;ST-006;E-0130;30.01.2026 15:44;SKU-00034;1;141400,00;0;CASH
R-0039726;ST-006;E-0128;30.01.2026 09:23;SKU-00135;8;28300,00;;CARD
R-0039767;ST-007;E-0135;2026-01-30 11:42:48;SKU-00269;1;47200,00;0;TRANSFER
R-0039793;ST-008;E-0138;30.01.2026 11:14;SKU-00172;1;78700.00;0;CARD
R-0039865;ST-011;E-0153;30.01.2026 17:59;SKU-00211;4;22600,00;10;TRANSFER
R-0039864;ST-011;E-0154;30.01.2026 17:59;SKU-00261;3;26800,00;15;CARD
R-0039821;ST-009;E-0145;2026-01-30 14:21:01;SKU-00245;1;102000,00;;CASH
R-0039745;ST-006;E-0128;30.01.2026 14:19;SKU-00332;1;10900,00;5;CASH
R-0039814;ST-009;E-0145;30.01.2026 13:40;SKU-00423;3;190080,00;;TRANSFER
R-0039792;ST-008;E-0138;30.01.2026 10:33;SKU-00390;2;89600,00;;CARD
R-0039649;ST-002;E-0108;2026-01-30 14:13:29;SKU-00288;3;13800,00;;CASH
R-0039624;ST-001;E-0104;30.01.2026 11:29;SKU-00056;1;39700,00;;CASH
R-0039623;ST-001;E-0104;30.01.2026 15:02;SKU-00142;1;45300,00;0;CASH
R-0039676;ST-004;E-0119;2026-01-30 12:45:06;SKU-00326;1;29200,00;;CARD
R-0039714;ST-005;E-0123;30.01.2026 11:37;SKU-00133;1;142100,00;10;CASH
R-0039765;ST-007;E-0133;2026-01-30 15:28:54;SKU-00414;1;45100,00;0;CARD
R-0039795;ST-008;E-0139;30.01.2026 14:19;SKU-00087;1;90700,00;15;CARD
R-0039722;ST-005;E-0125;2026-01-30 17:29:55;SKU-00078;1;107900,00;0;CARD
R-0039881;ST-012;E-0159;2026-01-30 17:31:41;SKU-00496;3;97800,00;5;CARD
R-0039607;ST-001;E-0105;30.01.2026 14:00;SKU-00202;1;11500,00;0;CASH
R-0039801;ST-008;E-0139;30.01.2026 20:47;SKU-00442;1;131000,00;;CARD
R-0039819;ST-009;E-0145;30.01.2026 20:22;SKU-00367;2;11700,00;0;CASH
R-0039656;ST-003;E-0115;30.01.2026 12:28;SKU-00114;4;74300,00;5;CARD
R-0039665;ST-003;E-0115;2026-01-30 20:54:33;SKU-00022;1;75600,00;0;CASH
R-0039714;ST-005;E-0123;2026-01-30 11:37:36;SKU-00362;3;35200,00;0;CASH
R-0039601;ST-001;E-0105;2026-01-30 20:14:32;SKU-00232;4;142200,00;10;CASH
R-0039783;ST-008;E-0139;2026-01-30 11:17:38;SKU-00321;3;125800,00;10;CARD
R-0039735;ST-006;E-0128;30.01.2026 20:08;SKU-00070;1;20600.00;0;CASH
R-0039837;ST-010;E-0149;30.01.2026 12:37;SKU-00047;8;19500,00;5;CASH
R-0039653;ST-003;E-0114;30.01.2026 14:17;SKU-00330;1;55100,00;0;CASH
R-0039847;ST-011;E-0154;30.01.2026 16:15;SKU-00351;4;82000,00;0;CARD
R-0039758;ST-007;E-0134;30.01.2026 10:18;SKU-00230;3;106500,00;;CARD
R-0039838;ST-010;E-0149;2026-01-30 09:20:51;SKU-00044;3;57400,00;;CASH
R-0039850;ST-011;E-0153;30.01.2026 13:42;SKU-00232;2;142200.00;;CARD
R-0039706;ST-005;E-0124;2026-01-30 16:23:40;SKU-00087;3;90700.00;0;TRANSFER
R-0039832;ST-010;E-0148;30.01.2026 17:14;SKU-00410;8;13800,00;10;CARD
R-0039819;ST-009;E-0145;2026-01-30 20:22:31;SKU-00249;3;32600,00;0;CASH
R-0039690;ST-004;E-0119;30.01.2026 17:57;SKU-00325;1;179600,00;;CARD
R-0039877;ST-012;E-0159;30.01.2026 17:35;SKU-00405;1;77900,00;10;CASH
R-0039877;ST-012;E-0159;30.01.2026 17:35;SKU-00019;3;116300,00;0;CASH
R-0039759;ST-007;E-0134;30.01.2026 12:35;SKU-00247;2;153800,00;;CASH
R-0039732;ST-006;E-0130;2026-01-30 10:05:54;SKU-00256;3;88100,00;10;CASH
R-0039759;ST-007;E-0134;30.01.2026 12:35;SKU-00407;1;87300,00;0;CASH
R-0039794;ST-008;E-0139;30.01.2026 09:16;SKU-00035;1;53500,00;;CASH
R-0039811;ST-009;E-0145;2026-01-30 16:07:22;SKU-00062;1;62600,00;;CARD
R-0039644;ST-002;E-0110;2026-01-30 15:30:48;SKU-00152;1;74000,00;5;CASH
R-0039761;ST-007;E-0135;30.01.2026 16:04;SKU-00103;1;144500,00;;CASH
R-0039837;ST-010;E-0149;2026-01-30 12:37:27;SKU-00303;1;151000.00;;CASH
R-0039699;ST-005;E-0124;2026-01-30 18:27:31;SKU-00037;4;113900,00;;CASH
R-0039680;ST-004;E-0119;30.01.2026 13:45;SKU-00110;1;22700,00;;CARD
R-0039614;ST-001;E-0104;2026-01-30 20:53:59;SKU-00358;1;8500,00;;CASH
R-0039773;ST-008;E-0140;30.01.2026 09:47;SKU-00021;3;81900,00;15;CARD
R-0039697;ST-005;E-0123;30.01.2026 09:03;SKU-00011;3;24500,00;0;TRANSFER
R-0039829;ST-010;E-0149;30.01.2026 17:38;SKU-00089;1;79100,00;;CARD
R-0039870;ST-011;E-0154;2026-01-30 19:54:32;SKU-00289;3;16500,00;0;CARD
R-0039686;ST-004;E-0120;2026-01-30 17:35:18;SKU-00021;1;81900,00;0;CARD
R-0039790;ST-008;E-0138;30.01.2026 18:54;SKU-00171;1;91700,00;0;CASH
R-0039729;ST-006;E-0128;2026-01-30 19:34:43;SKU-00435;2;176400,00;15;CARD
R-0039807;ST-009;E-0144;30.01.2026 10:24;SKU-00367;1;11700,00;0;CARD
R-0039845;ST-011;E-0153;30.01.2026 19:52;SKU-00275;2;52400,00;;CARD
R-0039796;ST-008;E-0140;2026-01-30 16:39:34;SKU-00427;1;102600,00;;TRANSFER
R-0039714;ST-005;E-0123;2026-01-30 11:37:36;SKU-00349;1;73800,00;;CASH
R-0039823;ST-009;E-0145;30.01.2026 11:08;SKU-00118;1;21300,00;;CARD
R-0039736;ST-006;E-0130;30.01.2026 20:10;SKU-00059;1;20640,00;5;TRANSFER
R-0039738;ST-006;E-0128;30.01.2026 17:09;SKU-00079;1;61300,00;;CASH
R-0039650;ST-002;E-0109;2026-01-30 14:02:39;SKU-00353;1;43800,00;5;CASH
R-0039883;ST-012;E-0159;2026-01-30 15:33:04;SKU-00026;1;134100,00;0;CASH
R-0039724;ST-006;E-0130;30.01.2026 15:14;SKU-00314;1;135200,00;10;CARD
R-0039849;ST-011;E-0155;2026-01-30 12:17:58;SKU-00115;1;115100,00;0;CARD
R-0039637;ST-002;E-0110;30.01.2026 13:01;SKU-00037;1;113900,00;0;CARD
R-0039860;ST-011;E-0154;2026-01-30 15:41:04;SKU-00403;2;89500,00;0;CASH
R-0039740;ST-006;E-0128;30.01.2026 09:41;SKU-00057;1;6100,00;5;CASH
R-0039841;ST-010;E-0150;2026-01-30 11:42:27;SKU-00383;2;27800,00;;CARD
R-0039874;ST-011;E-0155;30.01.2026 20:40;SKU-00300;3;58000,00;0;CARD
R-0039869;ST-011;E-0154;30.01.2026 14:05;SKU-00127;2;31200,00;0;CASH
R-0039676;ST-004;E-0119;30.01.2026 12:45;SKU-00152;4;74000,00;;CARD
R-0039764;ST-007;E-0133;30.01.2026 14:18;SKU-00131;1;142400,00;0;CASH
R-0039834;ST-010;E-0148;30.01.2026 19:34;SKU-00085;1;128900,00;;CARD
R-0039857;ST-011;E-0155;30.01.2026 19:04;SKU-00205;2;24000,00;;CASH
R-0039694;ST-005;E-0125;30.01.2026 13:56;SKU-00235;1;16800,00;5;CASH
R-0039843;ST-010;E-0149;30.01.2026 16:24;SKU-00064;0;22200,00;;CARD
R-0039669;ST-003;E-0114;2026-01-30 12:45:24;SKU-00499;3;43700,00;5;CARD
R-0039777;ST-008;E-0140;2026-01-30 09:17:11;SKU-00234;1;59900,00;;CARD
R-0039695;ST-005;E-0124;30.01.2026 18:15;SKU-00294;4;27300,00;10;TRANSFER
R-0039803;ST-009;E-0144;2026-01-30 15:08:21;SKU-00419;1;75200,00;;CASH
R-0039779;ST-008;E-0138;30.01.2026 09:02;SKU-00199;1;23300,00;;CARD
R-0039645;ST-002;E-0108;30.01.2026 09:19;SKU-00243;1;176700,00;5;CASH
R-0039864;ST-011;E-0154;30.01.2026 17:59;SKU-00212;1;36300,00;;CARD
R-0039823;ST-009;E-0145;2026-01-30 11:08:04;SKU-00061;1;71800,00;5;CARD
R-0039868;ST-011;E-0155;2026-01-30 15:18:59;SKU-00259;1;53600,00;;CASH
R-0039656;ST-003;E-0115;30.01.2026 12:28;SKU-00226;2;167200,00;;CARD
R-0039624;ST-001;E-0104;30.01.2026 11:29;SKU-00040;3;57700.00;0;CASH
R-0039813;ST-009;E-0144;30.01.2026 14:52;SKU-00274;1;88000,00;5;CARD
R-0039892;ST-012;E-0158;30.01.2026 19:26;SKU-00426;1;92100,00;0;CARD
R-0039845;ST-011;E-0153;2026-01-30 19:52:20;SKU-00092;1;35600,00;;CARD
R-0039717;ST-005;E-0124;30.01.2026 11:06;SKU-00059;4;12900,00;15;CARD
R-0039709;ST-005;E-0125;30.01.2026 20:03;SKU-00387;2;66700,00;;CARD
R-0039642;ST-002;E-0110;30.01.2026 14:38;SKU-00117;2;70200,00;;CASH
R-0039605;ST-001;E-0105;30.01.2026 20:57;SKU-00158;1;138500,00;5;CARD
R-0039652;ST-003;E-0114;30.01.2026 10:56; sku-00457 ;1;159900,00;5;CASH
R-0039744;ST-006;E-0129;30.01.2026 17:59;SKU-00495;2;36800,00;15;CARD
R-0039760;ST-007;E-0133;30.01.2026 19:22;SKU-00449;1;138100,00;10;CASH
R-0039733;ST-006;E-0130;30.01.2026 12:34;SKU-00465;1;166300,00;5;CASH
R-0039821;ST-009;E-0145;30.01.2026 14:21;SKU-00364;5;55000,00;0;CASH
R-0039600;ST-001;E-0104;30.01.2026 18:45;SKU-00018;3;79000,00;0;CASH
R-0039651;ST-003;E-0113;30.01.2026 13:32;SKU-00396;1;31300,00;;CARD
R-0039726;ST-006;E-0128;2026-01-30 09:23:53;SKU-00247;5;153800,00;;CARD
R-0039642;ST-002;E-0110;30.01.2026 14:38;SKU-00419;1;75200,00;;CASH
R-0039831;ST-010;E-0150;30.01.2026 13:10;SKU-00024;1;126200,00;;CASH
R-0039716;ST-005;E-0124;30.01.2026 10:59;SKU-00469;2;51100,00;;CARD
R-0039740;ST-006;E-0128;30.01.2026 09:41;SKU-00497;8;38000,00;;CASH
R-0039814;ST-009;E-0145;30.01.2026 13:40;SKU-00246;2;101500,00;5;TRANSFER
R-0039704;ST-005;E-0124;30.01.2026 11:58;SKU-00119;1;93600,00;15;CASH
R-0039706;ST-005;E-0124;2026-01-30 16:23:40;SKU-00126;1;47700,00;0;TRANSFER
R-0039728;ST-006;E-0130;30.01.2026 14:25;SKU-00135;1;28300.00;0;CASH
R-0039866;ST-011;E-0155;30.01.2026 14:47;SKU-00259;1;53600,00;0;TRANSFER
R-0039746;ST-006;E-0128;30.01.2026 18:58;SKU-00157;1;83000,00;;CASH
R-0039760;ST-007;E-0133;30.01.2026 19:22;SKU-00374;2;28400,00;;CASH
R-0039851;ST-011;E-0155;30.01.2026 20:14;SKU-00033;4;137400,00;;CARD
R-0039675;ST-004;E-0119;30.01.2026 17:15;SKU-00212;2;;;CASH
R-0039742;ST-006;E-0129;30.01.2026 09:24;SKU-00220;1;40000,00;0;CASH
R-0039818;ST-009;E-0144;30.01.2026 15:03;SKU-00343;1;40300,00;15;TRANSFER
R-0039794;ST-008;E-0139;2026-01-30 09:16:37; sku-00096 ;1;68900,00;5;CASH
R-0039662;ST-003;E-0114;2026-01-30 20:32:33; sku-00115 ;2;115100,00;;CASH
R-0039893;ST-012;E-0160;30.01.2026 10:06;SKU-00178;1;59900,00;0;CARD
R-0039618;ST-001;E-0103;30.01.2026 17:33;SKU-00345;4;yo'q;10;CASH
R-0039785;ST-008;E-0138;2026-01-30 11:00:09;SKU-00176;5;63400,00;15;CASH
R-0039888;ST-012;E-0159;2026-01-30 15:19:04;SKU-00001;2;18000,00;;CARD
R-0039824;ST-009;E-0144;30.01.2026 11:05;SKU-00288;1;13800,00;;TRANSFER
R-0039718;ST-005;E-0125;30.01.2026 10:24;SKU-00136;4;29700,00;0;CARD
R-0039881;ST-012;E-0159;2026-01-30 17:31:41;SKU-00116;5;28900,00;0;CARD
R-0039634;ST-002;E-0108;2026-01-30 14:00:23;SKU-00023;1;133500,00;;CASH
R-0039687;ST-004;E-0119;2026-01-30 14:17:02;SKU-00193;4;28800,00;5;CARD
R-0039622;ST-001;E-0105;30.01.2026 14:41;SKU-00499;2;43700,00;;CASH
R-0039700;ST-005;E-0123;30.01.2026 09:26;SKU-00491;3;84400,00;10;CASH
R-0039641;ST-002;E-0110;30.01.2026 17:46;SKU-00257;1;108800.00;;CASH
R-0039820;ST-009;E-0144;30.01.2026 12:04;SKU-00205;8;24000,00;;CARD
R-0039696;ST-005;E-0123;30.01.2026 13:30;SKU-00422;1;45200,00;20;CARD
R-0039861;ST-011;E-0155;30.01.2026 18:45;SKU-00336;3;69900.00;0;CARD
R-0039629;ST-002;E-0108;30.01.2026 13:49;SKU-00366;1;14500,00;10;CASH
R-0039766;ST-007;E-0134;30.01.2026 16:05;SKU-00066;1;42500,00;;CASH
